method,seed,best_value,x1,x2,x3,x4,x5,x6
GA_mutation_0.15,202600,0.08602376038648996,-0.6035344803023089,-0.797449444275448,-1.6903813599753197,-0.9075769291196647,-0.8824718481587184,-0.7348324235261001
GA_mutation_0.30,202600,0.05505937952847001,-0.8987151483827731,-0.8682103399959692,-1.4987005250000285,-0.7610920935662767,-0.9386142418490935,-0.8556641624908479
Random_search,202600,3.939278054495369,-1.5202341129195815,1.7537305388080284,1.307559007623933,-2.915832002753472,1.3000588240083815,-2.1094440232556053
GA_mutation_0.15,202601,0.05141354608913273,-1.1682477102160456,-1.3490597725452615,-0.6505178569411114,-0.7997415846903662,-0.8942851596199535,-0.9760785527013156
GA_mutation_0.30,202601,0.029197811088137016,-1.0650730336891965,-1.0721430312725329,-1.0384603275270108,-0.9954615978886994,-0.9504905133795298,-0.8621788675049329
Random_search,202601,4.094199340779182,-1.917855875834519,-2.768913938452144,-3.412058463601756,-0.14668247430316228,2.412523951670021,-0.1449761473532618
GA_mutation_0.15,202602,0.06749803540314603,-1.286368726295498,-1.205176403801989,-1.0087132315496166,-0.6141924321407072,-1.0814040428275118,-0.5732671241246171
GA_mutation_0.30,202602,0.03469662823948405,-0.8461027165820081,-1.0307417409672806,-1.0010277976303263,-0.969769866620118,-1.0246203340982387,-1.1087486608721155
Random_search,202602,3.799097678906848,0.21688279028305857,1.7072069091545572,1.1618473810890748,-2.8304802105384432,1.1830224703041345,-2.1903210359195704
GA_mutation_0.15,202603,0.09015946597563773,-1.26083516628021,-0.858625916785771,-1.1789734945327728,-1.1408694574705123,-0.16227702951769116,-0.9773233465167066
GA_mutation_0.30,202603,0.030791874840652877,-1.0762305600118758,-0.8111226116725407,-1.0359088988740088,-1.2388581299958656,-0.7645057704924034,-0.9957219521069168
Random_search,202603,3.3854956211989116,-0.43549327818300654,2.37408723483966,-1.5738306638365493,-0.3947004772333855,-2.5874142718442172,1.0557967114428948
GA_mutation_0.15,202604,0.07609498446024882,-0.8771313959352756,-0.9517284683171724,-1.123351748425806,-1.5246703252510794,-0.5015488402138921,-0.6976845171737722
GA_mutation_0.30,202604,0.023791563331741705,-0.8493371235941192,-1.13522338229312,-0.9412865563044861,-1.0891418004971807,-0.9827395638829368,-0.9756366585090912
Random_search,202604,3.4449086234325423,0.3868391488502283,-4.142605739060684,0.9291988320916609,-1.4534967744850178,-1.6017134042267784,-1.4547753730261803
GA_mutation_0.15,202605,0.06580162057931138,-0.6969013903886334,-0.8127889909174222,-1.5116077078155934,-0.6093000431943598,-1.0965616842239219,-0.9975222971704514
GA_mutation_0.30,202605,0.035082080226790324,-1.1636103284310155,-1.0036091004299998,-1.168783159521336,-0.7597107653938445,-0.8272297128640237,-1.005612236293527
Random_search,202605,3.186612965453932,1.4863177923463553,-3.0736840255313993,0.8362134229359057,-1.8414305264803623,0.06594806696368494,-1.4816281619186995
GA_mutation_0.15,202606,0.04197471453843665,-1.3762542869639394,-0.7194178240501321,-1.08220859621748,-1.0791777579592734,-0.780977404783511,-0.8016460568266255
GA_mutation_0.30,202606,0.04253236276902095,-1.1277453527282815,-0.9102379612867167,-1.1769242612691464,-0.8482074848876318,-1.1313074867278239,-0.717770572854898
Random_search,202606,5.243423484314657,-0.44224875945716136,-1.6528764388948716,1.5929533357665093,3.7772608050855148,-2.7105475620464823,-2.505842210461495
GA_mutation_0.15,202607,0.05348901813416934,-1.353433935947669,-0.7555974613205053,-1.0996780532325632,-1.0769081944011643,-0.5395759209000455,-0.9680516175642796
GA_mutation_0.30,202607,0.043798809958981055,-1.1359026161132018,-1.0505985478541404,-0.8832455915038513,-0.7855551903858344,-0.9638921421440975,-1.1312199387299626
Random_search,202607,3.0548180511442693,-2.0796990531539024,-0.9204868153321968,-1.183461951452184,-3.5775091815946602,0.07094196457408586,1.0602721403861928
GA_mutation_0.15,202608,0.064759148579077,-0.5869190520611819,-1.1949889577962811,-1.5072235062592756,-0.7300956807099589,-0.6921937199752428,-0.9714076642958465
GA_mutation_0.30,202608,0.028322367067248166,-1.0616153278686637,-0.9518960084650578,-1.1930109248465015,-1.0735638785194064,-0.8378040762432162,-0.8301426961059709
Random_search,202608,5.530979035563274,-3.8409978308441737,-1.0646285127165243,-5.543934301572552,-1.9359690715534406,-2.4752387081295737,-2.3335336968327667
GA_mutation_0.15,202609,0.01792848375953432,-0.9876841345196622,-1.1281592829463598,-1.1049720901426172,-0.7865555618273995,-0.9459805215940644,-1.0085755031966972
GA_mutation_0.30,202609,0.032127089020617505,-1.1215996710390987,-1.0684831136324309,-0.9339909689888337,-0.8442940119479941,-1.0928247713255272,-0.9060463666503579
Random_search,202609,4.659005786149914,-3.0253199925238192,-3.763573549283535,1.3447610943479873,1.707849090312692,-2.2927301941221714,-2.094098202902842
GA_mutation_0.15,202610,0.05864622487646309,-0.7030607482150136,-1.0973920572378386,-1.3169022847185872,-0.5529557810452143,-1.1371792636869764,-0.9840058586933504
GA_mutation_0.30,202610,0.0328894440980988,-0.9506631842890613,-1.0534149846317906,-0.8239186242398043,-1.0284016250151138,-1.1211422254958108,-0.9965667841761231
Random_search,202610,5.9417936636549555,-4.915495988100812,1.1683765289693682,-1.0861036750192632,-3.941455884795456,0.5633510076168946,2.127863901030757
GA_mutation_0.15,202611,0.029729896581467852,-0.9734768751879295,-1.3950937116288888,-0.937180636711594,-0.9548986343324644,-0.6769215263095317,-0.9261180304759891
GA_mutation_0.30,202611,0.027326050485026676,-1.0923697771050478,-0.8275394863012729,-0.9309987258460213,-0.9335953296171133,-1.2510615741148843,-0.9046506675551302
Random_search,202611,2.2312419807825066,-2.7572514774386327,-0.02319959923365289,-1.0691710522435045,-0.26434927694983656,-0.8355417721297975,1.1093167321823003
GA_mutation_0.15,202612,0.03004009122675183,-0.9058232108229969,-1.0662003913210674,-1.2029222966499065,-1.1493859614700956,-0.8939991491461472,-0.6894609278732626
GA_mutation_0.30,202612,0.039678402973967575,-0.8645219964032931,-0.8527807564695137,-1.107512430034094,-1.0669705318857718,-1.0651159292289594,-1.0128590317690032
Random_search,202612,2.1320328687998726,0.4000049860049515,-0.22586989747991026,0.15876904537274328,0.564744626883531,-1.1660952362959591,0.5866936462200592
GA_mutation_0.15,202613,0.08005627313299513,-1.0556670757520488,-0.7440475867320561,-0.8400625676901077,-1.0221517168875283,-1.5153358510417394,-0.5340592323160064
GA_mutation_0.30,202613,0.0351762026012718,-0.9026303285809536,-1.0840218201886522,-1.0057915509493784,-0.8838749538344923,-1.0625414289907165,-1.0432201317674332
Random_search,202613,5.122210702186435,-1.441040944121994,0.9548491176386165,-0.1899245244115093,-0.3373667346393141,0.8325706886961797,-5.924491930741533
GA_mutation_0.15,202614,0.05367506978672798,-1.141596704675223,-1.1871486881593323,-0.528237151489545,-1.2240391710955296,-1.062901793098932,-0.6167401315224486
GA_mutation_0.30,202614,0.05296269376390289,-0.6224918425910096,-0.8570786621021551,-1.244278085217679,-1.0783113727471576,-0.9912545995376023,-1.0882794876993669
Random_search,202614,6.056624368550603,-6.113859732012688,-2.397268437053004,-1.495311021755235,1.0063454048895295,-0.042456224279373345,-3.6313828874707745
GA_mutation_0.15,202615,0.06288358820606799,-0.7264792011922006,-1.104521468711646,-1.3365596638591402,-0.633620756328819,-0.7071135846365008,-1.2507531368001659
GA_mutation_0.30,202615,0.05121843660195924,-0.9377492382272422,-1.0976574764775715,-1.2024248473532182,-0.6106866591124435,-1.0658414246361527,-0.9803030464695853
Random_search,202615,5.608365303975653,-0.019489404542113675,-5.961453528833411,-3.4032713594783033,-0.2110353853725968,1.1276406224468332,-0.7254568994875221
GA_mutation_0.15,202616,0.03882440505971535,-0.9927312663590541,-1.238916428743832,-1.0324918861878736,-1.004854430964846,-1.010373106634561,-0.6188252985250404
GA_mutation_0.30,202616,0.033263354849565885,-1.0548743259465658,-1.0096785719209307,-1.03209873284926,-0.7682111064987448,-0.8542814485843985,-1.2176272743582301
Random_search,202616,5.2873327652446145,0.9336092388672483,0.7965747669594769,-1.2714225882421424,-4.6740832154985625,-3.0434448132810488,2.161175316168947
GA_mutation_0.15,202617,0.049371350191630026,-1.3959899521558279,-1.1305941232416101,-0.7822086256477501,-0.9218696994743416,-0.7726882249198425,-0.845120198822531
GA_mutation_0.30,202617,0.04296162024120764,-0.8921372954547788,-0.9455533347315959,-0.8400297249270341,-1.2206282760671239,-1.0257152755900747,-1.0307003488710014
Random_search,202617,3.397642203722704,-4.52389946958073,-0.7927296290793571,0.720258277682639,-1.4400221571252345,-0.7322194671914204,-0.5736233247844602
GA_mutation_0.15,202618,0.05048751754370562,-1.374125605339125,-0.9538489458005555,-1.0750639626387763,-0.8548968848901888,-0.7321278025061104,-0.882796363453347
GA_mutation_0.30,202618,0.05239796693330917,-0.9092315934115207,-0.8574735911783015,-1.1023168056365054,-0.7998192671076434,-0.8417797323836951,-1.3691711124145924
Random_search,202618,4.936838809648539,2.366255352368821,1.2130150536950879,-1.3575031956473467,-3.293535056101746,1.17995248991312,-3.374114144902979
GA_mutation_0.15,202619,0.04625679684385642,-1.1580975176236927,-0.5997377415687934,-0.8305945931923469,-1.2921559325280492,-1.1895122993702985,-0.7243141015946843
GA_mutation_0.30,202619,0.028955529716721384,-0.8749336417935156,-1.0675619987121991,-0.9619949928929181,-0.9660625964869735,-1.0691244594827185,-1.0454972868595431
Random_search,202619,4.460147682549923,-2.1335469741324964,2.418450756317103,-0.5457296390569546,-0.3514120588546845,2.4455000247874636,-2.777528112530156
